Wave,GID_1,GID_2,GID_3,GID_4,GID_5,GID_6,GID_7,GID_8,GID_9,GID_10,GID_11,GID_12,GID_13,GID_14,GID_15,GID_16,GID_17,GID_18,GID_19,GID_20,GID_21,GID_22,GID_23,GID_24,GID_25,GID_26,GID_27,GID_28,GID_29,GID_30,GID_31,GID_32,GID_33,GID_34,GID_35,GID_36,GID_37,GID_38,GID_39,GID_40,GID_41,GID_42,GID_43,GID_44,GID_45,GID_46,GID_47,GID_48,GID_49,GID_50,GID_51,GID_52,GID_53,GID_54,GID_55,GID_56,GID_57,GID_58,GID_59,GID_60,GID_61,GID_62,GID_63,GID_64,GID_65,GID_66,GID_67,GID_68,GID_69,GID_70,GID_71,GID_72,GID_73,GID_74,GID_75,GID_76,GID_77,GID_78,GID_79,GID_80,GID_81,GID_82,GID_83,GID_84,GID_85,GID_86,GID_87,GID_88,GID_89,GID_90,GID_91,GID_92,GID_93,GID_94,GID_95,GID_96,GID_97,GID_98,GID_99,GID_100,GID_101,GID_102,GID_103,GID_104,GID_105,GID_106,GID_107,GID_108,GID_109,GID_110,GID_111,GID_112,GID_113,GID_114,GID_115,GID_116,GID_117,GID_118,GID_119,GID_120,GID_121,GID_122,GID_123,GID_124,GID_125,GID_126,GID_127,GID_128,GID_129,GID_130,GID_131,GID_132,GID_133,GID_134,GID_135,GID_136,GID_137,GID_138,GID_139,GID_140,GID_141,GID_142,GID_143,GID_144,GID_145,GID_146,GID_147,GID_148,GID_149,GID_150,GID_151,GID_152,GID_153,GID_154,GID_155,GID_156,GID_157,GID_158,GID_159,GID_160,GID_161,GID_162,GID_163,GID_164,GID_165,GID_166,GID_167,GID_168,GID_169,GID_170,GID_171,GID_172,GID_173,GID_174,GID_175,GID_176,GID_177,GID_178,GID_179,GID_180,GID_181,GID_182,GID_183,GID_184,GID_185,GID_186,GID_187,GID_188,GID_189,GID_190,GID_191,GID_192,GID_193,GID_194,GID_195,GID_196,GID_197,GID_198,GID_199,GID_200,GID_201,GID_202,GID_203,GID_204,GID_205,GID_206,GID_207,GID_208,GID_209,GID_210,GID_211,GID_212,GID_213,GID_214,GID_215,GID_216,GID_217,GID_218,GID_219,GID_220,GID_221,GID_222,GID_223,GID_224,GID_225,GID_226,GID_227,GID_228,GID_229,GID_230,GID_231,GID_232,GID_233,GID_234,GID_235,GID_236,GID_237,GID_238,GID_239,GID_240,GID_241,GID_242,GID_243,GID_244,GID_245,GID_246,GID_247,GID_248,GID_249,GID_250,GID_251,GID_252,GID_253,GID_254,GID_255,GID_256,GID_257,GID_258,GID_259,GID_260,GID_261,GID_262,GID_263,GID_264,GID_265,GID_266,GID_267,GID_268,GID_269,GID_270,GID_271,GID_272,GID_273,GID_274,GID_275,GID_276,GID_277,GID_278,GID_279,GID_280,GID_281,GID_282,GID_283,GID_284,GID_285,GID_286,GID_287,GID_288,GID_289,GID_290,GID_291,GID_292,GID_293,GID_294,GID_295,GID_296,GID_297,GID_298,GID_299,GID_300,GID_301,GID_302,GID_303,GID_304,GID_305,GID_306,GID_307,GID_308,GID_309,GID_310,GID_311,GID_312,GID_313,GID_314,GID_315,GID_316,GID_317,GID_318,GID_319,GID_320,GID_321,GID_322,GID_323,GID_324,GID_325,GID_326,GID_327,GID_328,GID_329,GID_330,GID_331,GID_332,GID_333,GID_334,GID_335,GID_336,GID_337,GID_338,GID_339,GID_340,GID_341,GID_342,GID_343,GID_344,GID_345,GID_346,GID_347,GID_348,GID_349,GID_350,GID_351,GID_352,GID_353,GID_354,GID_355,GID_356,GID_357,GID_358,GID_359,GID_360,GID_361,GID_362,GID_363,GID_364,GID_365,GID_366,GID_367,GID_368,GID_369,GID_370,GID_371,GID_372,GID_373,GID_374,GID_375,GID_376,GID_377,GID_378,GID_379,GID_380,GID_381,GID_382,GID_383,GID_384,GID_385,GID_386,GID_387,GID_388,GID_389,GID_390,GID_391,GID_392,GID_393,GID_394,GID_395,GID_396,GID_397,GID_398,GID_399,GID_400,GID_401,GID_402,GID_403,GID_404,GID_405,GID_406,GID_407,GID_408,GID_409,GID_410,GID_411,GID_412,GID_413,GID_414,GID_415,GID_416,GID_417,GID_418,GID_419,GID_420,GID_421,GID_422,GID_423,GID_424,GID_425,GID_426,GID_427,GID_428,GID_429,GID_430,GID_431,GID_432,GID_433,GID_434,GID_435,GID_436,GID_437,GID_438,GID_439,GID_440,GID_441,GID_442,GID_443,GID_444,GID_445,GID_446,GID_447,GID_448,GID_449,GID_450,GID_451,GID_452,GID_453,GID_454,GID_455,GID_456,GID_457,GID_458,GID_459,GID_460,GID_461,GID_462,GID_463,GID_464,GID_465,GID_466,GID_467,GID_468,GID_469,GID_470,GID_471,GID_472,GID_473,GID_474,GID_475,GID_476,GID_477,GID_478,GID_479,GID_480,GID_481,GID_482,GID_483,GID_484,GID_485,GID_486,GID_487,GID_488,GID_489,GID_490,GID_491,GID_492,GID_493,GID_494,GID_495,GID_496,GID_497,GID_498,GID_499,GID_500,GID_501,GID_502,GID_503,GID_504,GID_505,GID_506,GID_507,GID_508,GID_509,GID_510,GID_511,GID_512,GID_513,GID_514,GID_515,GID_516,GID_517,GID_518,GID_519,GID_520,GID_521,GID_522,GID_523,GID_524,GID_525,GID_526,GID_527,GID_528,GID_529,GID_530,GID_531,GID_532,GID_533,GID_534,GID_535,GID_536,GID_537,GID_538,GID_539,GID_540,GID_541,GID_542,GID_543,GID_544,GID_545,GID_546,GID_547,GID_548,GID_549,GID_550,GID_551,GID_552,GID_553,GID_554,GID_555,GID_556,GID_557,GID_558,GID_559,GID_560,GID_561,GID_562,GID_563,GID_564,GID_565,GID_566,GID_567,GID_568,GID_569,GID_570,GID_571,GID_572,GID_573,GID_574,GID_575,GID_576,GID_577,GID_578,GID_579,GID_580,GID_581,GID_582,GID_583,GID_584,GID_585,GID_586,GID_587,GID_588,GID_589,GID_590,GID_591,GID_592,GID_593,GID_594,GID_595,GID_596,GID_597,GID_598,GID_599,GID_600,GID_601,GID_602,GID_603,GID_604,GID_605,GID_606,GID_607,GID_608,GID_609,GID_610,GID_611,GID_612,GID_613,GID_614,GID_615,GID_616,GID_617,GID_618,GID_619,GID_620,GID_621,GID_622,GID_623,GID_624,GID_625,GID_626,GID_627,GID_628,GID_629,GID_630,GID_631,GID_632,GID_633,GID_634,GID_635,GID_636,GID_637,GID_638,GID_639,GID_640,GID_641,GID_642,GID_643,GID_644,GID_645,GID_646,GID_647,GID_648,GID_649,GID_650,GID_651,GID_652,GID_653,GID_654,GID_655,GID_656,GID_657,GID_658,GID_659,GID_660,GID_661,GID_662,GID_663,GID_664,GID_665,GID_666,GID_667,GID_668,GID_669,GID_670,GID_671,GID_672,GID_673,GID_674,GID_675,GID_676,GID_677,GID_678,GID_679,GID_680,GID_681,GID_682,GID_683,GID_684,GID_685,GID_686,GID_687,GID_688,GID_689,GID_690,GID_691,GID_692,GID_693,GID_694,GID_695,GID_696,GID_697,GID_698,GID_699,GID_700,GID_701,GID_702,GID_703,GID_704,GID_705,GID_706,GID_707,GID_708,GID_709,GID_710,GID_711,GID_712,GID_713,GID_714,GID_715,GID_716,GID_717,GID_718,GID_719,GID_720,GID_721,GID_722,GID_723,GID_724,GID_725,GID_726,GID_727,GID_728,GID_729,GID_730,GID_731,GID_732,GID_733,GID_734,GID_735,GID_736,GID_737,GID_738,GID_739,GID_740,GID_741,GID_742,GID_743,GID_744,GID_745,GID_746,GID_747,GID_748,GID_749,GID_750,GID_751,GID_752,GID_753,GID_754,GID_755,GID_756,GID_757,GID_758,GID_759,GID_760,GID_761,GID_762,GID_763,GID_764,GID_765,GID_766,GID_767,GID_768,GID_769,GID_770,GID_771,GID_772,GID_773,GID_774,GID_775,GID_776,GID_777,GID_778,GID_779,GID_780,GID_781,GID_782,GID_783,GID_784,GID_785,GID_786,GID_787,GID_788,GID_789,GID_790,GID_791,GID_792,GID_793,GID_794,GID_795,GID_796,GID_797,GID_798,GID_799,GID_800,GID_801,GID_802,GID_803,GID_804,GID_805,GID_806,GID_807,GID_808,GID_809,GID_810,GID_811,GID_812,GID_813,GID_814,GID_815,GID_816,GID_817,GID_818,GID_819,GID_820,GID_821,GID_822,GID_823,GID_824,GID_825,GID_826,GID_827,GID_828,GID_829,GID_830,GID_831,GID_832,GID_833,GID_834,GID_835,GID_836,GID_837,GID_838,GID_839,GID_840,GID_841,GID_842,GID_843,GID_844,GID_845,GID_846,GID_847,GID_848,GID_849,GID_850,GID_851,GID_852,GID_853,GID_854,GID_855,GID_856,GID_857,GID_858,GID_859,GID_860,GID_861,GID_862,GID_863,GID_864,GID_865,GID_866,GID_867,GID_868,GID_869,GID_870,GID_871,GID_872,GID_873,GID_874,GID_875,GID_876,GID_877,GID_878,GID_879,GID_880,GID_881,GID_882,GID_883,GID_884,GID_885,GID_886,GID_887,GID_888,GID_889,GID_890,GID_891,GID_892,GID_893,GID_894,GID_895,GID_896,GID_897,GID_898,GID_899,GID_900,GID_901,GID_902,GID_903,GID_904,GID_905,GID_906,GID_907,GID_908,GID_909,GID_910,GID_911,GID_912,GID_913,GID_914,GID_915,GID_916,GID_917,GID_918,GID_919,GID_920,GID_921,GID_922,GID_923,GID_924,GID_925,GID_926,GID_927,GID_928,GID_929,GID_930,GID_931,GID_932,GID_933,GID_934,GID_935,GID_936,GID_937,GID_938,GID_939,GID_940,GID_941,GID_942,GID_943,GID_944,GID_945,GID_946,GID_947,GID_948,GID_949,GID_950,GID_951,GID_952,GID_953,GID_954,GID_955,GID_956,GID_957,GID_958,GID_959,GID_960,GID_961,GID_962,GID_963,GID_964,GID_965,GID_966,GID_967,GID_968,GID_969,GID_970,GID_971,GID_972,GID_973,GID_974,GID_975,GID_976,GID_977,GID_978,GID_979,GID_980,GID_981,GID_982,GID_983,GID_984,GID_985,GID_986,GID_987,GID_988,GID_989,GID_990,GID_991,GID_992,GID_993,GID_994,GID_995,GID_996,GID_997,GID_998,GID_999,GID_1000
440,,,,,,,,,,,,,,,,,,,,,,,,,,,,,,,,,,,,,,,,,,,,,,,,,,,,,,,,,,,,,,,,,,,,,,,,,,,,,,,,,,,,,,,,,,,,,,,,,,,,,,,,,,,,,,,,,,,,,,,,,,,,,,,,,,,,,,,,,,,,,,,,,,,,,,,,,,,,,,,,,,,,,,,,,,,,,,,,,,,,,,,,,,,,,,,,,,,,,,,,,,,,,,,,,,,,,,,,,,,,,,,,,,,,,,,,,,,,,,,,,,,,,,,,,,,,,,,,,,,,,,,,,,,,,,,,,,,,,,,,,,,,,,,,,,,,,,,,,,,,,,,,,,,,,,,,,,,,,,,,,,,,,,,,,,,,,,,,,,,,,,,,,,,,,,,,,,,,,,,,,,,,,,,,,,,,,,,,,,,,,,,,,,,,,,,,,,,,,,,,,,,,,,,,,,,,,,,,,,,,,,,,,,,,,,,,,,,,,,,,,,,,,,,,,,,,,,,,,,,,,,,,,,,,,,,,,,,,,,,,,,,,,,,,,,,,,,,,,,,,,,,,,,,,,,,,,,,,,,,,,,,,,,,,,,,,,,,,,,,,,,,,,,,,,,,,,,,,,,,,,,,,,,,,,,,,,,,,,,,,,,,,,,,,,,,,,,,,,,,,,,,,,,,,,,,,,,,,,,,,,,,,,,,,,,,,,,,,,,,,,,,,,,,,,,,,,,,,,,,,,,,,,,,,,,,,,,,,,,,,,,,,,,,,,,,,,,,,,,,,,,,,,,,,,,,,,,,,,,,,,,,,,,,,,,,,,,,,,,,,,,,,,,,,,,,,,,,,,,,,,,,,,,,,,,,,,,,,,,,,,,,,,,,,,,,,,,,,,,,,,,,,,,,,,,,,,,,,,,,,,,,,,,,,,,,,,,,,,,,,,,,,,,,,,,,,,,,,,,,,,,,,,,,,,,,,,,,,,,,,,,,,,,,,,,,,,,,,,,,,,,,,,,,,,,,,,,,,,,,,,,,,,,,,,,,,,,,,,,,,,,,,,,,,,,,,,,,,,,,,,,,,,,,,,,,,,,,,,,,,,,,,,,,,,,,,,,,,,,,,
490,,,,,,,,,,,,,,,,,,,,,,,,,,,,,,,,,,,,,,,,,,,,,,,,,,,,,,,,,,,,,,,,,,,,,,,,,,,,,,,,,,,,,,,,,,,,,,,,,,,,,,,,,,,,,,,,,,,,,,,,,,,,,,,,,,,,,,,,,,,,,,,,,,,,,,,,,,,,,,,,,,,,,,,,,,,,,,,,,,,,,,,,,,,,,,,,,,,,,,,,,,,,,,,,,,,,,,,,,,,,,,,,,,,,,,,,,,,,,,,,,,,,,,,,,,,,,,,,,,,,,,,,,,,,,,,,,,,,,,,,,,,,,,,,,,,,,,,,,,,,,,,,,,,,,,,,,,,,,,,,,,,,,,,,,,,,,,,,,,,,,,,,,,,,,,,,,,,,,,,,,,,,,,,,,,,,,,,,,,,,,,,,,,,,,,,,,,,,,,,,,,,,,,,,,,,,,,,,,,,,,,,,,,,,,,,,,,,,,,,,,,,,,,,,,,,,,,,,,,,,,,,,,,,,,,,,,,,,,,,,,,,,,,,,,,,,,,,,,,,,,,,,,,,,,,,,,,,,,,,,,,,,,,,,,,,,,,,,,,,,,,,,,,,,,,,,,,,,,,,,,,,,,,,,,,,,,,,,,,,,,,,,,,,,,,,,,,,,,,,,,,,,,,,,,,,,,,,,,,,,,,,,,,,,,,,,,,,,,,,,,,,,,,,,,,,,,,,,,,,,,,,,,,,,,,,,,,,,,,,,,,,,,,,,,,,,,,,,,,,,,,,,,,,,,,,,,,,,,,,,,,,,,,,,,,,,,,,,,,,,,,,,,,,,,,,,,,,,,,,,,,,,,,,,,,,,,,,,,,,,,,,,,,,,,,,,,,,,,,,,,,,,,,,,,,,,,,,,,,,,,,,,,,,,,,,,,,,,,,,,,,,,,,,,,,,,,,,,,,,,,,,,,,,,,,,,,,,,,,,,,,,,,,,,,,,,,,,,,,,,,,,,,,,,,,,,,,,,,,,,,,,,,,,,,,,,,,,,,,,,,,,,,,,,,,,,,,,,,,,,,,,,,,,,,,,,,,,,,,,,,,,,,,,,,,,,,,,,,,,,
560,,,,,,,,,,,,,,,,,,,,,,,,,,,,,,,,,,,,,,,,,,,,,,,,,,,,,,,,,,,,,,,,,,,,,,,,,,,,,,,,,,,,,,,,,,,,,,,,,,,,,,,,,,,,,,,,,,,,,,,,,,,,,,,,,,,,,,,,,,,,,,,,,,,,,,,,,,,,,,,,,,,,,,,,,,,,,,,,,,,,,,,,,,,,,,,,,,,,,,,,,,,,,,,,,,,,,,,,,,,,,,,,,,,,,,,,,,,,,,,,,,,,,,,,,,,,,,,,,,,,,,,,,,,,,,,,,,,,,,,,,,,,,,,,,,,,,,,,,,,,,,,,,,,,,,,,,,,,,,,,,,,,,,,,,,,,,,,,,,,,,,,,,,,,,,,,,,,,,,,,,,,,,,,,,,,,,,,,,,,,,,,,,,,,,,,,,,,,,,,,,,,,,,,,,,,,,,,,,,,,,,,,,,,,,,,,,,,,,,,,,,,,,,,,,,,,,,,,,,,,,,,,,,,,,,,,,,,,,,,,,,,,,,,,,,,,,,,,,,,,,,,,,,,,,,,,,,,,,,,,,,,,,,,,,,,,,,,,,,,,,,,,,,,,,,,,,,,,,,,,,,,,,,,,,,,,,,,,,,,,,,,,,,,,,,,,,,,,,,,,,,,,,,,,,,,,,,,,,,,,,,,,,,,,,,,,,,,,,,,,,,,,,,,,,,,,,,,,,,,,,,,,,,,,,,,,,,,,,,,,,,,,,,,,,,,,,,,,,,,,,,,,,,,,,,,,,,,,,,,,,,,,,,,,,,,,,,,,,,,,,,,,,,,,,,,,,,,,,,,,,,,,,,,,,,,,,,,,,,,,,,,,,,,,,,,,,,,,,,,,,,,,,,,,,,,,,,,,,,,,,,,,,,,,,,,,,,,,,,,,,,,,,,,,,,,,,,,,,,,,,,,,,,,,,,,,,,,,,,,,,,,,,,,,,,,,,,,,,,,,,,,,,,,,,,,,,,,,,,,,,,,,,,,,,,,,,,,,,,,,,,,,,,,,,,,,,,,,,,,,,,,,,,,,,,,,,,,,,,,,,,,,,,,,,,,,,,,,,,,,
665,,,,,,,,,,,,,,,,,,,,,,,,,,,,,,,,,,,,,,,,,,,,,,,,,,,,,,,,,,,,,,,,,,,,,,,,,,,,,,,,,,,,,,,,,,,,,,,,,,,,,,,,,,,,,,,,,,,,,,,,,,,,,,,,,,,,,,,,,,,,,,,,,,,,,,,,,,,,,,,,,,,,,,,,,,,,,,,,,,,,,,,,,,,,,,,,,,,,,,,,,,,,,,,,,,,,,,,,,,,,,,,,,,,,,,,,,,,,,,,,,,,,,,,,,,,,,,,,,,,,,,,,,,,,,,,,,,,,,,,,,,,,,,,,,,,,,,,,,,,,,,,,,,,,,,,,,,,,,,,,,,,,,,,,,,,,,,,,,,,,,,,,,,,,,,,,,,,,,,,,,,,,,,,,,,,,,,,,,,,,,,,,,,,,,,,,,,,,,,,,,,,,,,,,,,,,,,,,,,,,,,,,,,,,,,,,,,,,,,,,,,,,,,,,,,,,,,,,,,,,,,,,,,,,,,,,,,,,,,,,,,,,,,,,,,,,,,,,,,,,,,,,,,,,,,,,,,,,,,,,,,,,,,,,,,,,,,,,,,,,,,,,,,,,,,,,,,,,,,,,,,,,,,,,,,,,,,,,,,,,,,,,,,,,,,,,,,,,,,,,,,,,,,,,,,,,,,,,,,,,,,,,,,,,,,,,,,,,,,,,,,,,,,,,,,,,,,,,,,,,,,,,,,,,,,,,,,,,,,,,,,,,,,,,,,,,,,,,,,,,,,,,,,,,,,,,,,,,,,,,,,,,,,,,,,,,,,,,,,,,,,,,,,,,,,,,,,,,,,,,,,,,,,,,,,,,,,,,,,,,,,,,,,,,,,,,,,,,,,,,,,,,,,,,,,,,,,,,,,,,,,,,,,,,,,,,,,,,,,,,,,,,,,,,,,,,,,,,,,,,,,,,,,,,,,,,,,,,,,,,,,,,,,,,,,,,,,,,,,,,,,,,,,,,,,,,,,,,,,,,,,,,,,,,,,,,,,,,,,,,,,,,,,,,,,,,,,,,,,,,,,,,,,,,,,,,,,,,,,,,,,,,,,,,,,,,,,,,,,,,
705,,,,,,,,,,,,,,,,,,,,,,,,,,,,,,,,,,,,,,,,,,,,,,,,,,,,,,,,,,,,,,,,,,,,,,,,,,,,,,,,,,,,,,,,,,,,,,,,,,,,,,,,,,,,,,,,,,,,,,,,,,,,,,,,,,,,,,,,,,,,,,,,,,,,,,,,,,,,,,,,,,,,,,,,,,,,,,,,,,,,,,,,,,,,,,,,,,,,,,,,,,,,,,,,,,,,,,,,,,,,,,,,,,,,,,,,,,,,,,,,,,,,,,,,,,,,,,,,,,,,,,,,,,,,,,,,,,,,,,,,,,,,,,,,,,,,,,,,,,,,,,,,,,,,,,,,,,,,,,,,,,,,,,,,,,,,,,,,,,,,,,,,,,,,,,,,,,,,,,,,,,,,,,,,,,,,,,,,,,,,,,,,,,,,,,,,,,,,,,,,,,,,,,,,,,,,,,,,,,,,,,,,,,,,,,,,,,,,,,,,,,,,,,,,,,,,,,,,,,,,,,,,,,,,,,,,,,,,,,,,,,,,,,,,,,,,,,,,,,,,,,,,,,,,,,,,,,,,,,,,,,,,,,,,,,,,,,,,,,,,,,,,,,,,,,,,,,,,,,,,,,,,,,,,,,,,,,,,,,,,,,,,,,,,,,,,,,,,,,,,,,,,,,,,,,,,,,,,,,,,,,,,,,,,,,,,,,,,,,,,,,,,,,,,,,,,,,,,,,,,,,,,,,,,,,,,,,,,,,,,,,,,,,,,,,,,,,,,,,,,,,,,,,,,,,,,,,,,,,,,,,,,,,,,,,,,,,,,,,,,,,,,,,,,,,,,,,,,,,,,,,,,,,,,,,,,,,,,,,,,,,,,,,,,,,,,,,,,,,,,,,,,,,,,,,,,,,,,,,,,,,,,,,,,,,,,,,,,,,,,,,,,,,,,,,,,,,,,,,,,,,,,,,,,,,,,,,,,,,,,,,,,,,,,,,,,,,,,,,,,,,,,,,,,,,,,,,,,,,,,,,,,,,,,,,,,,,,,,,,,,,,,,,,,,,,,,,,,,,,,,,,,,,,,,,,,,,,,,,,,,,,,,,,,,,,,,,,,,,,,
740,,,,,,,,,,,,,,,,,,,,,,,,,,,,,,,,,,,,,,,,,,,,,,,,,,,,,,,,,,,,,,,,,,,,,,,,,,,,,,,,,,,,,,,,,,,,,,,,,,,,,,,,,,,,,,,,,,,,,,,,,,,,,,,,,,,,,,,,,,,,,,,,,,,,,,,,,,,,,,,,,,,,,,,,,,,,,,,,,,,,,,,,,,,,,,,,,,,,,,,,,,,,,,,,,,,,,,,,,,,,,,,,,,,,,,,,,,,,,,,,,,,,,,,,,,,,,,,,,,,,,,,,,,,,,,,,,,,,,,,,,,,,,,,,,,,,,,,,,,,,,,,,,,,,,,,,,,,,,,,,,,,,,,,,,,,,,,,,,,,,,,,,,,,,,,,,,,,,,,,,,,,,,,,,,,,,,,,,,,,,,,,,,,,,,,,,,,,,,,,,,,,,,,,,,,,,,,,,,,,,,,,,,,,,,,,,,,,,,,,,,,,,,,,,,,,,,,,,,,,,,,,,,,,,,,,,,,,,,,,,,,,,,,,,,,,,,,,,,,,,,,,,,,,,,,,,,,,,,,,,,,,,,,,,,,,,,,,,,,,,,,,,,,,,,,,,,,,,,,,,,,,,,,,,,,,,,,,,,,,,,,,,,,,,,,,,,,,,,,,,,,,,,,,,,,,,,,,,,,,,,,,,,,,,,,,,,,,,,,,,,,,,,,,,,,,,,,,,,,,,,,,,,,,,,,,,,,,,,,,,,,,,,,,,,,,,,,,,,,,,,,,,,,,,,,,,,,,,,,,,,,,,,,,,,,,,,,,,,,,,,,,,,,,,,,,,,,,,,,,,,,,,,,,,,,,,,,,,,,,,,,,,,,,,,,,,,,,,,,,,,,,,,,,,,,,,,,,,,,,,,,,,,,,,,,,,,,,,,,,,,,,,,,,,,,,,,,,,,,,,,,,,,,,,,,,,,,,,,,,,,,,,,,,,,,,,,,,,,,,,,,,,,,,,,,,,,,,,,,,,,,,,,,,,,,,,,,,,,,,,,,,,,,,,,,,,,,,,,,,,,,,,,,,,,,,,,,,,,,,,,,,,,,,,,,,,,,,,,,,,
783,,,,,,,,,,,,,,,,,,,,,,,,,,,,,,,,,,,,,,,,,,,,,,,,,,,,,,,,,,,,,,,,,,,,,,,,,,,,,,,,,,,,,,,,,,,,,,,,,,,,,,,,,,,,,,,,,,,,,,,,,,,,,,,,,,,,,,,,,,,,,,,,,,,,,,,,,,,,,,,,,,,,,,,,,,,,,,,,,,,,,,,,,,,,,,,,,,,,,,,,,,,,,,,,,,,,,,,,,,,,,,,,,,,,,,,,,,,,,,,,,,,,,,,,,,,,,,,,,,,,,,,,,,,,,,,,,,,,,,,,,,,,,,,,,,,,,,,,,,,,,,,,,,,,,,,,,,,,,,,,,,,,,,,,,,,,,,,,,,,,,,,,,,,,,,,,,,,,,,,,,,,,,,,,,,,,,,,,,,,,,,,,,,,,,,,,,,,,,,,,,,,,,,,,,,,,,,,,,,,,,,,,,,,,,,,,,,,,,,,,,,,,,,,,,,,,,,,,,,,,,,,,,,,,,,,,,,,,,,,,,,,,,,,,,,,,,,,,,,,,,,,,,,,,,,,,,,,,,,,,,,,,,,,,,,,,,,,,,,,,,,,,,,,,,,,,,,,,,,,,,,,,,,,,,,,,,,,,,,,,,,,,,,,,,,,,,,,,,,,,,,,,,,,,,,,,,,,,,,,,,,,,,,,,,,,,,,,,,,,,,,,,,,,,,,,,,,,,,,,,,,,,,,,,,,,,,,,,,,,,,,,,,,,,,,,,,,,,,,,,,,,,,,,,,,,,,,,,,,,,,,,,,,,,,,,,,,,,,,,,,,,,,,,,,,,,,,,,,,,,,,,,,,,,,,,,,,,,,,,,,,,,,,,,,,,,,,,,,,,,,,,,,,,,,,,,,,,,,,,,,,,,,,,,,,,,,,,,,,,,,,,,,,,,,,,,,,,,,,,,,,,,,,,,,,,,,,,,,,,,,,,,,,,,,,,,,,,,,,,,,,,,,,,,,,,,,,,,,,,,,,,,,,,,,,,,,,,,,,,,,,,,,,,,,,,,,,,,,,,,,,,,,,,,,,,,,,,,,,,,,,,,,,,,,,,,,,,,,,,,
842,,,,,,,,,,,,,,,,,,,,,,,,,,,,,,,,,,,,,,,,,,,,,,,,,,,,,,,,,,,,,,,,,,,,,,,,,,,,,,,,,,,,,,,,,,,,,,,,,,,,,,,,,,,,,,,,,,,,,,,,,,,,,,,,,,,,,,,,,,,,,,,,,,,,,,,,,,,,,,,,,,,,,,,,,,,,,,,,,,,,,,,,,,,,,,,,,,,,,,,,,,,,,,,,,,,,,,,,,,,,,,,,,,,,,,,,,,,,,,,,,,,,,,,,,,,,,,,,,,,,,,,,,,,,,,,,,,,,,,,,,,,,,,,,,,,,,,,,,,,,,,,,,,,,,,,,,,,,,,,,,,,,,,,,,,,,,,,,,,,,,,,,,,,,,,,,,,,,,,,,,,,,,,,,,,,,,,,,,,,,,,,,,,,,,,,,,,,,,,,,,,,,,,,,,,,,,,,,,,,,,,,,,,,,,,,,,,,,,,,,,,,,,,,,,,,,,,,,,,,,,,,,,,,,,,,,,,,,,,,,,,,,,,,,,,,,,,,,,,,,,,,,,,,,,,,,,,,,,,,,,,,,,,,,,,,,,,,,,,,,,,,,,,,,,,,,,,,,,,,,,,,,,,,,,,,,,,,,,,,,,,,,,,,,,,,,,,,,,,,,,,,,,,,,,,,,,,,,,,,,,,,,,,,,,,,,,,,,,,,,,,,,,,,,,,,,,,,,,,,,,,,,,,,,,,,,,,,,,,,,,,,,,,,,,,,,,,,,,,,,,,,,,,,,,,,,,,,,,,,,,,,,,,,,,,,,,,,,,,,,,,,,,,,,,,,,,,,,,,,,,,,,,,,,,,,,,,,,,,,,,,,,,,,,,,,,,,,,,,,,,,,,,,,,,,,,,,,,,,,,,,,,,,,,,,,,,,,,,,,,,,,,,,,,,,,,,,,,,,,,,,,,,,,,,,,,,,,,,,,,,,,,,,,,,,,,,,,,,,,,,,,,,,,,,,,,,,,,,,,,,,,,,,,,,,,,,,,,,,,,,,,,,,,,,,,,,,,,,,,,,,,,,,,,,,,,,,,,,,,,,,,,,,,,,,,,,,,,,,,,
865,,,,,,,,,,,,,,,,,,,,,,,,,,,,,,,,,,,,,,,,,,,,,,,,,,,,,,,,,,,,,,,,,,,,,,,,,,,,,,,,,,,,,,,,,,,,,,,,,,,,,,,,,,,,,,,,,,,,,,,,,,,,,,,,,,,,,,,,,,,,,,,,,,,,,,,,,,,,,,,,,,,,,,,,,,,,,,,,,,,,,,,,,,,,,,,,,,,,,,,,,,,,,,,,,,,,,,,,,,,,,,,,,,,,,,,,,,,,,,,,,,,,,,,,,,,,,,,,,,,,,,,,,,,,,,,,,,,,,,,,,,,,,,,,,,,,,,,,,,,,,,,,,,,,,,,,,,,,,,,,,,,,,,,,,,,,,,,,,,,,,,,,,,,,,,,,,,,,,,,,,,,,,,,,,,,,,,,,,,,,,,,,,,,,,,,,,,,,,,,,,,,,,,,,,,,,,,,,,,,,,,,,,,,,,,,,,,,,,,,,,,,,,,,,,,,,,,,,,,,,,,,,,,,,,,,,,,,,,,,,,,,,,,,,,,,,,,,,,,,,,,,,,,,,,,,,,,,,,,,,,,,,,,,,,,,,,,,,,,,,,,,,,,,,,,,,,,,,,,,,,,,,,,,,,,,,,,,,,,,,,,,,,,,,,,,,,,,,,,,,,,,,,,,,,,,,,,,,,,,,,,,,,,,,,,,,,,,,,,,,,,,,,,,,,,,,,,,,,,,,,,,,,,,,,,,,,,,,,,,,,,,,,,,,,,,,,,,,,,,,,,,,,,,,,,,,,,,,,,,,,,,,,,,,,,,,,,,,,,,,,,,,,,,,,,,,,,,,,,,,,,,,,,,,,,,,,,,,,,,,,,,,,,,,,,,,,,,,,,,,,,,,,,,,,,,,,,,,,,,,,,,,,,,,,,,,,,,,,,,,,,,,,,,,,,,,,,,,,,,,,,,,,,,,,,,,,,,,,,,,,,,,,,,,,,,,,,,,,,,,,,,,,,,,,,,,,,,,,,,,,,,,,,,,,,,,,,,,,,,,,,,,,,,,,,,,,,,,,,,,,,,,,,,,,,,,,,,,,,,,,,,,,,,,,,,,,,,,,,,,
